CREATE TABLE BUS(BUSNO VARCHAR(10) NOT NULL,BODYNO VARCHAR(10) NOT NULL, ROUTENAME VARCHAR(10) NOT NULL,PRIMARY KEY(BUSNO));

CREATE TABLE OWNER(OWNERNO VARCHAR(10) NOT NULL,OWNERNAME VARCHAR(40) NOT NULL,ADDRESS VARCHAR(10) NOT NULL,MOBILENO INT(11) NOT NULL,BUSNO VARCHAR(10) NOT NULL, PRIMARY KEY(OWNERNO),FOREIGN KEY(BUSNO) REFERENCES BUS(BUSNO));

CREATE TABLE PASSENGER(PNO VARCHAR(10) NOT NULL,PNAME VARCHAR(10) NOT NULL,MOBILENO INT(11) NOT NULL,ADDRESS VARCHAR(10) NOT NULL,BUSNO VARCHAR(10),PRIMARY KEY(PNO),FOREIGN KEY(BUSNO) REFERENCES BUS(BUSNO));

CREATE TABLE GOVERNMENT(DEPTNAME VARCHAR(15) NOT NULL, OWNERNO VARCHAR(10) NOT NULL,TAXNO VARCHAR(40) NOT NULL,PRIMARY KEY(TAXNO),FOREIGN KEY(OWNERNO) REFERENCES OWNER(OWNERNO));

CREATE TABLE AGENT(ANAME VARCHAR(15) NOT NULL,AADDRESS VARCHAR(40) NOT NULL,ANO VARCHAR(10) NOT NULL, PRIMARY KEY(ANO));

INSERT INTO BUS(BUSNO,BODYNO,ROUTENAME) VALUES ('KA51MX2050','B100','BLR-CHN'); 
INSERT INTO BUS(BUSNO,BODYNO,ROUTENAME) VALUES ('KA51MX2051','B101','BLR-UDP'); 
INSERT INTO BUS(BUSNO,BODYNO,ROUTENAME) VALUES ('RJ51MX2054','B102','BKN-DEL'); 
INSERT INTO BUS(BUSNO,BODYNO,ROUTENAME) VALUES ('JH51MX2060','B103','DVG-PTN'); 
INSERT INTO BUS(BUSNO,BODYNO,ROUTENAME) VALUES ('KA51MX2072','B104','BLR-MLR'); 
INSERT INTO BUS(BUSNO,BODYNO,ROUTENAME) VALUES ('AZ51MX2090','B105','ARZ-LVS'); 
INSERT INTO BUS(BUSNO,BODYNO,ROUTENAME) VALUES ('HR51MX3050','B106','KLN-KUK'); 
INSERT INTO BUS(BUSNO,BODYNO,ROUTENAME) VALUES ('HR51MX6054','B107','PNP-DEL'); 
INSERT INTO BUS(BUSNO,BODYNO,ROUTENAME) VALUES ('HR51MX9060','T108','GGN-UK'); 
INSERT INTO BUS(BUSNO,BODYNO,ROUTENAME) VALUES ('KA51MX7002','B109','BLR-GOA'); 

INSERT INTO OWNER VALUES ('1002','AMY','MARATHALLI',9654872314,'KA51MX2072');
INSERT INTO OWNER VALUES ('1345','BOB','DELHI',9658743219,'RJ51MX2054');
INSERT INTO OWNER VALUES ('6792','BILL','JAYNAGAR',8654971328,'KA51MX2051');
INSERT INTO OWNER VALUES ('1938','OSWALD','RAJASTHAN',9765832468,'AZ51MX2090');
INSERT INTO OWNER VALUES ('1902','JOHN','HARYANA',8523649718,'HR51MX6054');
INSERT INTO OWNER VALUES ('2776','EVE','HARYANA',7894563218,'HR51MX9060');
INSERT INTO OWNER VALUES ('1003','ADAM','CHENNAI',8523697415,'KA51MX2050');
INSERT INTO OWNER VALUES ('4097','RAJU','HARYANA',9576318468,'HR51MX3050');
INSERT INTO OWNER VALUES ('1234','BHEEM','JHARKHAND',6549871235,'JH51MX2060');

INSERT INTO `passenger` (`PNO`, `PNAME`, `MOBILENO`, `ADDRESS`, `BUSNO`) VALUES ('PES1', 'ANKIT', '909909909', 'NEW YORK', 'RJ51MX2054');	
INSERT INTO `PASSENGER` (`PNO`,`PNAME`,`MOBILENO`,`ADDRESS`,`BUSNO`) VALUES ('PES1','RITIK','909089760','SYMPHONY,URLANA KALAN','KA51MX2072');
INSERT INTO `PASSENGER` (`PNO`,`PNAME`,`MOBILENO`,`ADDRESS`,`BUSNO`) VALUES ('PES2','PRIYA','9658743219','SILVER PALMS,BIKANER','HR51MX9060');
INSERT INTO `PASSENGER` (`PNO`,`PNAME`,`MOBILENO`,`ADDRESS`,`BUSNO`) VALUES ('PES3','SHARMILA','8654971328','SILVERPOOL,BAGLUR','HR51MX3050');
INSERT INTO `PASSENGER` (`PNO`,`PNAME`,`MOBILENO`,`ADDRESS`,`BUSNO`) VALUES ('PES4','PRIYANSH','9654872314','PESU,DEVGARH','KA51MX2072');
INSERT INTO `PASSENGER` (`PNO`,`PNAME`,`MOBILENO`,`ADDRESS`,`BUSNO`) VALUES ('PES5','RISHAB','9576318468','KEERTHI ROYAL,PANIPAT','KA51MX2072');
INSERT INTO `PASSENGER` (`PNO`,`PNAME`,`MOBILENO`,`ADDRESS`,`BUSNO`) VALUES ('PES6','KAPIL','6549871235','AJMEERA,KARNAL','JH51MX2060');
INSERT INTO `PASSENGER` (`PNO`,`PNAME`,`MOBILENO`,`ADDRESS`,`BUSNO`) VALUES ('PES7','SAGAR','9658743210','DLF,ARIZONA','HR51MX3050');
INSERT INTO `PASSENGER` (`PNO`,`PNAME`,`MOBILENO`,`ADDRESS`,`BUSNO`) VALUES ('PES8','SACHIN','9658123219','VSR,GURGAON','JH51MX2060');
INSERT INTO `PASSENGER` (`PNO`,`PNAME`,`MOBILENO`,`ADDRESS`,`BUSNO`) VALUES ('PES9','PARTH','96587432189''PRESTIGE,BANGALORE','AZ51MX2090');
INSERT INTO `PASSENGER` (`PNO`,`PNAME`,`MOBILENO`,`ADDRESS`,`BUSNO`) VALUES ('PES10','CHARAN','6549871239','RELIABLE DOMICILE,BANGALORE','JH51MX2060');
